{
    "Alabama": {
        "margin": 0.28748287187921484,
        "computed_risk": 0.0815,
        "computed_sprob": 0.9159,
        "ratio": 11.23803680981595,
        "1/alpha": 10
    },
    "Alaska": {
        "margin": 0.16771309422136138,
        "computed_risk": 0.0813,
        "computed_sprob": 0.9054,
        "ratio": 11.136531365313653,
        "1/alpha": 10
    },
    "Arizona": {
        "margin": 0.03780046802078907,
        "computed_risk": 0.0859,
        "computed_sprob": 0.9034,
        "ratio": 10.516880093131547,
        "1/alpha": 10
    },
    "Arkansas": {
        "margin": 0.2857027537954093,
        "computed_risk": 0.0766,
        "computed_sprob": 0.9113,
        "ratio": 11.89686684073107,
        "1/alpha": 10
    },
    "California": {
        "margin": 0.32256441085459775,
        "computed_risk": 0.0732,
        "computed_sprob": 0.9218,
        "ratio": 12.592896174863387,
        "1/alpha": 10
    },
    "Colorado": {
        "margin": 0.053666667453648786,
        "computed_risk": 0.0915,
        "computed_sprob": 0.8996,
        "ratio": 9.831693989071038,
        "1/alpha": 10
    },
    "Connecticut": {
        "margin": 0.1428309503452727,
        "computed_risk": 0.0811,
        "computed_sprob": 0.9039,
        "ratio": 11.145499383477189,
        "1/alpha": 10
    },
    "Delaware": {
        "margin": 0.11997242887362436,
        "computed_risk": 0.0835,
        "computed_sprob": 0.9039,
        "ratio": 10.825149700598802,
        "1/alpha": 10
    },
    "District of Columbia": {
        "margin": 0.9139037668370817,
        "computed_risk": 0.0384,
        "computed_sprob": 0.9496,
        "ratio": 24.729166666666668,
        "1/alpha": 10
    },
    "Florida": {
        "margin": 0.012376709455509616,
        "computed_risk": 0.088,
        "computed_sprob": 0.8968,
        "ratio": 10.190909090909091,
        "1/alpha": 10
    },
    "Georgia": {
        "margin": 0.053223451986064374,
        "computed_risk": 0.0855,
        "computed_sprob": 0.902,
        "ratio": 10.549707602339181,
        "1/alpha": 10
    },
    "Hawaii": {
        "margin": 0.3488267490107091,
        "computed_risk": 0.0713,
        "computed_sprob": 0.9145,
        "ratio": 12.826086956521738,
        "1/alpha": 10
    },
    "Idaho": {
        "margin": 0.3662035336161116,
        "computed_risk": 0.0714,
        "computed_sprob": 0.917,
        "ratio": 12.84313725490196,
        "1/alpha": 10
    },
    "Illinois": {
        "margin": 0.18040102781422962,
        "computed_risk": 0.0804,
        "computed_sprob": 0.9138,
        "ratio": 11.365671641791044,
        "1/alpha": 10
    },
    "Indiana": {
        "margin": 0.20234619049016134,
        "computed_risk": 0.0835,
        "computed_sprob": 0.9107,
        "ratio": 10.906586826347304,
        "1/alpha": 10
    },
    "Iowa": {
        "margin": 0.10127095690240684,
        "computed_risk": 0.0825,
        "computed_sprob": 0.9038,
        "ratio": 10.955151515151515,
        "1/alpha": 10
    },
    "Kansas": {
        "margin": 0.22222940685213333,
        "computed_risk": 0.0845,
        "computed_sprob": 0.907,
        "ratio": 10.733727810650887,
        "1/alpha": 10
    },
    "Kentucky": {
        "margin": 0.31341258035019726,
        "computed_risk": 0.0754,
        "computed_sprob": 0.9083,
        "ratio": 12.046419098143236,
        "1/alpha": 10
    },
    "Louisiana": {
        "margin": 0.20343354475615594,
        "computed_risk": 0.0776,
        "computed_sprob": 0.9093,
        "ratio": 11.717783505154639,
        "1/alpha": 10
    },
    "Maine": {
        "margin": 0.03193582258325067,
        "computed_risk": 0.0946,
        "computed_sprob": 0.8993,
        "ratio": 9.506342494714588,
        "1/alpha": 10
    },
    "Maryland": {
        "margin": 0.28032499369538777,
        "computed_risk": 0.08,
        "computed_sprob": 0.9062,
        "ratio": 11.3275,
        "1/alpha": 10
    },
    "Massachusetts": {
        "margin": 0.29302557379259,
        "computed_risk": 0.0742,
        "computed_sprob": 0.9004,
        "ratio": 12.13477088948787,
        "1/alpha": 10
    },
    "Minnesota": {
        "margin": 0.016637138672306984,
        "computed_risk": 0.0864,
        "computed_sprob": 0.906,
        "ratio": 10.48611111111111,
        "1/alpha": 10
    },
    "Mississippi": {
        "margin": 0.18179694648120126,
        "computed_risk": 0.0815,
        "computed_sprob": 0.9109,
        "ratio": 11.176687116564418,
        "1/alpha": 10
    },
    "Missouri": {
        "margin": 0.19637121991132123,
        "computed_risk": 0.081,
        "computed_sprob": 0.9048,
        "ratio": 11.170370370370371,
        "1/alpha": 10
    },
    "Montana": {
        "margin": 0.22219328634048874,
        "computed_risk": 0.0803,
        "computed_sprob": 0.9132,
        "ratio": 11.372353673723538,
        "1/alpha": 10
    },
    "Nebraska": {
        "margin": 0.2709534822635513,
        "computed_risk": 0.0717,
        "computed_sprob": 0.9095,
        "ratio": 12.684797768479777,
        "1/alpha": 10
    },
    "Nevada": {
        "margin": 0.025874188399704012,
        "computed_risk": 0.0855,
        "computed_sprob": 0.9035,
        "ratio": 10.567251461988302,
        "1/alpha": 10
    },
    "New Jersey": {
        "margin": 0.14568380285802585,
        "computed_risk": 0.078,
        "computed_sprob": 0.9062,
        "ratio": 11.617948717948718,
        "1/alpha": 10
    },
    "New Mexico": {
        "margin": 0.09301589868648219,
        "computed_risk": 0.0885,
        "computed_sprob": 0.9065,
        "ratio": 10.242937853107344,
        "1/alpha": 10
    },
    "New York": {
        "margin": 0.23544882368461217,
        "computed_risk": 0.076,
        "computed_sprob": 0.9037,
        "ratio": 11.89078947368421,
        "1/alpha": 10
    },
    "North Carolina": {
        "margin": 0.0380749160743743,
        "computed_risk": 0.0867,
        "computed_sprob": 0.9083,
        "ratio": 10.476355247981546,
        "1/alpha": 10
    },
    "North Dakota": {
        "margin": 0.3961848579303948,
        "computed_risk": 0.0722,
        "computed_sprob": 0.9182,
        "ratio": 12.717451523545707,
        "1/alpha": 10
    },
    "Ohio": {
        "margin": 0.08535369154271821,
        "computed_risk": 0.0883,
        "computed_sprob": 0.9039,
        "ratio": 10.236693091732729,
        "1/alpha": 10
    },
    "Oklahoma": {
        "margin": 0.3860947447665626,
        "computed_risk": 0.0717,
        "computed_sprob": 0.923,
        "ratio": 12.873082287308229,
        "1/alpha": 10
    },
    "Oregon": {
        "margin": 0.12311677890108719,
        "computed_risk": 0.089,
        "computed_sprob": 0.9061,
        "ratio": 10.180898876404495,
        "1/alpha": 10
    },
    "Pennsylvania": {
        "margin": 0.007510716149803365,
        "computed_risk": 0.0881,
        "computed_sprob": 0.8996,
        "ratio": 10.211123723041997,
        "1/alpha": 10
    },
    "Rhode Island": {
        "margin": 0.1662140818531963,
        "computed_risk": 0.081,
        "computed_sprob": 0.9068,
        "ratio": 11.195061728395062,
        "1/alpha": 10
    },
    "South Carolina": {
        "margin": 0.1492051272104804,
        "computed_risk": 0.0802,
        "computed_sprob": 0.9045,
        "ratio": 11.278054862842893,
        "1/alpha": 10
    },
    "South Dakota": {
        "margin": 0.3194371615886251,
        "computed_risk": 0.0687,
        "computed_sprob": 0.9071,
        "ratio": 13.203784570596799,
        "1/alpha": 10
    },
    "Tennessee": {
        "margin": 0.27248686090523977,
        "computed_risk": 0.0722,
        "computed_sprob": 0.9107,
        "ratio": 12.613573407202216,
        "1/alpha": 10
    },
    "Texas": {
        "margin": 0.09426451155943982,
        "computed_risk": 0.0819,
        "computed_sprob": 0.902,
        "ratio": 11.013431013431013,
        "1/alpha": 10
    },