{"margins": [0.25822749666709455, 0.10523697447698632, 0.284248665559663, 0.2981782272133513, 0.13876638984600298, 0.2039009817615569, 0.19253488329968937, 0.8893390769523888, 0.30065329293029763, 0.3175428585015574, 0.17318087465613852, 0.16390096014885924, 0.08366526169274113, 0.14986856511262703, 0.26400205800525933, 0.1892888091258209, 0.09340809164007946, 0.34058094094184677, 0.3423109908029629, 0.07279027297133345, 0.16769971654777716, 0.15671641288802896, 0.16794360184096213, 0.19568104493203453, 0.07496695443190093, 0.16142567173589684, 0.11036980303439492, 0.2343366978602448, 0.3443481684579326, 0.08153395295405441, 0.33880078993813023, 0.16614313970883465, 0.21198719767918517, 0.11853217499164193, 0.26869559723363, 0.23655540744132697, 0.05661442473559064, 0.2138721024370327, 0.36598373105613113, 0.10309373998799809, 0.19851006369581392, 0.3959706462784405, 0.449608687511702], "minerva_asns": [144.1471, 858.6933, 117.6551, 103.8402, 488.0777, 228.4349, 257.9064, 8.60502100420084, 103.5225, 96.769, 309.3558, 346.3315, 1335.5262, 412.9499, 132.8533, 257.6253, 1070.534, 81.1291, 81.2979, 1735.5027, 335.2889288928893, 379.7153, 330.984, 240.7956, 1654.9103, 345.7163, 764.2417, 172.0204, 80.7027, 1366.8565, 81.6979, 341.4264, 204.29, 651.6941, 132.4058, 170.2707, 2831.6962, 209.256, 69.8361, 883.2147, 236.0011, 57.1261, 45.6332]}
